id,title,content,likes,collects,date,image
648c350d000000000800c4e1,清迈数字游民办公地之1:清迈大学图书馆,作为一个必须午睡的人，清迈大学图书馆有可以午休的地方实在太感人 后面几张图是校内随手拍 清迈大学真的好宠学生，1楼提供桌游拼图，并且有一部分区域是食物可进入的 - 对于打工人来说，在图书馆办公效率是真的变高，中午还可以去大学的食堂吃饭，图书馆无限次出入这点就比咖啡厅要好了 	 但是❗️❗️❗️ 清迈大学图书馆内部的Wi-Fi是仅供学生使用的，不过也是可以解决的： 1⃣️找学生借，我朋友就顺利问对面的女学生要到了，一次登陆长期使用 2⃣️公共Wi-Fi：我是truemove的卡，📱手机进去自动就连上了，💻电脑的话需要根据提示发短信拿一下密码，账号是号码前加个0 	 - 之前因为租的公寓没有Wi-Fi，每天早上早起散步去清迈大学办公，现在搬到酒店来住，真的还挺想念迈大的，下班了就去前门夜市or后门夜市吃吃喝喝太放松了 而且学校里也有很多咖啡厅，静心湖旁的咖啡厅环境很好，也很适合办公 	 - 	 📍清迈大学图书馆（8am-9pm） 💰外来人员进入：接待处20🐷单日无限次出入，也可办年卡（好像是200🐷），年卡需拍照，会给一张带照片的实体卡 ⭕️图书馆里很冷，带上衣服,1,0,2023-06-16T18:10:00,"""https://ci.xiaohongshu.com/dbac8f4d-7618-45ae-fe99-83c95f992a55?imageMogr2/format/jpg/quality/92/auto-orient/strip/crop/450x300/gravity/center"""
64899fa900000000130323d6,“数字游民“五年｜做自己喜欢的事太快乐了,简单解释一下数字游民：就是不受时间和空间的限制🏢主要利用网络来赚钱的这样一类人🛜只工作不上班，拥有很大的自由性🪂（而不是远程办公还在为公司工作） - 这一期先分享一下我成为“数字游民”的经历吧📜： 严格来说，我从大学期间就开始成为“数字游民”了💻做私域带货和电商，积累起一批私域客户，无论我在学校上学还是在世界各地，我都可以利用私域进行带货，于是我利用这个赚够了大学期间的学费生活费没向家里拿一分钱，还去了泰国、新加坡、重庆成都🌍 	 大学毕业后，我去了✈️迪拜-荷兰-土耳其，在英国完成了硕士学业🎓，在此期间，我都是边旅行边工作，通过线上去获取我的收入，不仅完成了学业、赚到了旅行的费用，还有了不少的积蓄。💳 	 毕业后，因为疫情不能出去旅行，我就待在深圳，一台电脑一部手机一个人完成我的工作📲更是成为了“全职数字游民”。 . 疫情结束后，因为我本身就很享受边旅行边赚钱的生活和状态，很想早日环游世界，🧳我就做了线上旅行社和旅行体验师的项目🌟作为一个“数字游民”太适合这个项目了！！我可以边旅行边通过线上自媒体获取精准的客户，和吸引一批和我一样喜欢旅行的人👭这是传统线下旅行社都没有办法做到的。而且旅游正好是风口期，这个项目也为我带了平均6w/每月的收入🫰 . 今年我去了新加坡看blackpink演唱会🎫带妈妈去云南参加旅行微综艺🎬再去长沙看庄心妍在我们露营基地办的演唱会🎙“数字游民”的生活我真的太爱了！！！ - 这期先分享这么多吧，下期具体分享我作为数字游民的收入来源和一天都是怎么度过的，如果对“数字游民”或者“线上旅行社”感兴趣的，可以评论扣“666”，找我一起聊聊～,20,0,2023-06-14T19:08:00,"""https://ci.xiaohongshu.com/d2a3667a-ec3f-7b54-64d7-aaa76fcf0a90?imageMogr2/format/jpg/quality/92/auto-orient/strip/crop/450x300/gravity/center"""
647dbce9000000001300155c,普通人0️⃣门槛的数字游民工作/社群网站,做为数字游民超开心的就是终于可以实现旅行自由啦‼️ 你想去哪儿、想做什么都完全由你决定，没有人能拦住你，就像是个自由自在的“世界大BOSS”，这种自由感简直让人欲罢不能，比打折购物还让人兴奋🤩 	 不过也要注意啦，有时候自由也会带来孤独感，就像是被放在了一个数字游民的孤岛上，但别担心，小红书上的姐妹们都知道这个烦恼，所以我会建议（尤其新手）先去找个数字游民社群！这样你就能结交一大群志同道合的伙伴，陪你一起玩耍、一起抱怨、一起分享找到超级划算的机票哈哈 	 幸好现在离数字游民社群永远都不远～ 即使你一个人旅行，也可以在网上和现实生活中结识其他数字游民。要发现一大群志同道合的朋友，跟你一样在探索世界的奇妙真的不难🤭 	 以下这些蛮不错的数字游民社群网站，提供给你参考参考（有些是付费的哦～ 🌟 Citizen Remote 🌟 Digital Nomad Girls 🌟 Digital Nomads Hub 🌟 Digital Nomads Network 🌟 Digital Nomad World 🌟 Gran Canaria Digital Nomads 🌟 Lisbon Digital Nomads 🌟 Nomad List 🌟 Nomadbase 🌟 Nomad.Network 🌟 Nomad Soulmates 🌟 Nomads Talk 🌟 Remote Collective in Chiang Mai 🌟 Remote Year 🌟 Remotive 🌟 Selina 🌟 Unsettled 🌟 WiFi Tribe 🌟 Workfrom 	 记得带上好心情和一副装备，因为这里可是有无尽冒险等待着你呢！✈️🌍😄,15,0,2023-06-05T18:46:00,"""https://ci.xiaohongshu.com/5c0204ae-c7c0-dbae-3298-c99bf53dd068?imageMogr2/format/jpg/quality/92/auto-orient/strip/crop/450x300/gravity/center"""
647ae2b20000000014027f94,想要做数字游民，手把手教会你,抱歉近来都没时间更新关于【数字游民】的话题～所以今天就来分享如果想要做数字游民是不是要要线上的技能？其实是不一定的哦～因为无论是线上还是线下都可以学到不一样的技能😌 首先对于想从线上打工的朋友们：上一个文章分别分享了几个可以找到自已适合的工作方式～那么这些工作都包括了：写文案，翻译语言，在线上课，摄影剪辑，插画师，配音演员等等☝️但你可能会问我没有这些技能怎么办？ 所以这里就手把手教你如何，怎样及在哪里学这些技能而且还是免费的哦！ 首先上网search google : e-Latih （这个网站）注册后就可以开始找自已有兴趣的课程来上课📖学完之后还可以拿到文凭！里面还有很多课程（1000多种）！ 今天分享线上的，下次就分享线下的～,16,0,2023-06-03T14:50:00,"""https://ci.xiaohongshu.com/02d8d401-0562-7f56-31c0-d1f2de6b5bde?imageMogr2/format/jpg/quality/92/auto-orient/strip/crop/450x300/gravity/center"""
64787c3b0000000013034650,5️⃣招教你实现自由工作梦想⁉️远程工作get✅,"作为一个年轻的冒险家妹子，你肯定想要旅行和流浪，但又会担心工作和生活的平衡问题？这里分享几个有趣又实用的技巧和APP，让你可以尽情探索世界，同时还能专心工作攒旅费！ 	 🏄🏻‍♀️设定界限，工作别挡住我 ➡️别让工作成为你的全职恋人！必须定好工作和休闲时间的界限，才能工作玩乐兼顾好 实用APP：Pomodoro, Flipd, Forest 	 ⏳管理小妙招，时间都听我的调 ➡️给不同的任务设定优先级，利用AI日历和待办事项应用来帮你规划工作和旅行 实用APP：Evernote, Todoist, Calendly 	 ⚡️照顾健康，保持活力满满 ➡️确保自己有好好睡觉、吃饱喝足、适度运动，让自己放松又开心 实用APP：Alo, Headspace, Glo 	 👯‍♂️结伴同行，找伙伴一起high ➡️可以和其数字游民分享经验、寻求建议，一起开心地探索世界 实用APP：筹备着文案📝 赶紧关注那就不会错过啦‼️ 	 ☕️找个好环境，工作飞得快 ➡️在新的地方找个适合的环境，让你专注工作还结识其他牛人，打破旅行的孤独感 实用APP：Workfrom, Beanhunter, Yelp 	                    @生活薯 @日常薯",11,0,2023-06-01T19:08:00,"""https://ci.xiaohongshu.com/f846cb25-c300-4dc8-776e-ee0496e4e097?imageMogr2/format/jpg/quality/92/auto-orient/strip/crop/450x300/gravity/center"""
6473058a000000001300a94a,N刷大理可颂天花板！物价/环境全攻略,被多个好友推荐 号称是“大理的可颂天花板” 那必须走一遭 - 好友还特别强调要试试边角料 5⃣️块钱 就可以拿到五六个边角料 运气好的话 还可以一次吃到多口味 这次是吃到了原味和巧克力的 - 的确很酥脆 酥到掉渣 杏仁可颂的夹心也很好吃 香香软软 - 环境也很不错 很好拍 室内很凉爽，透明玻璃窗🉑看到制作过程 室外视野好，有遮阳棚和树荫 吹着风，听着音乐很惬意 一杯咖啡，一个冰淇淋，一个可颂 就是一个悠闲的下午 - 🐶而且对宠物友好 不少人带着狗子来的 甚至还有免费给狗子吃的奶泡 好贴心的说 看隔壁的柯基，吃的好开心哈 它生我梦 - 店员也特别友好 都是20岁左右的年轻人 非常温柔，耐心解答问题 确认过眼神 是我想经常来发呆的地方了 - 上午/中午来，人会少很多 这一条街上，还有很多下午茶店 可以试一试哦 - 💰💰💰参考物价 可颂周边：5 原味可颂/丹麦肉桂卷：15 提拉米酥/肉桂苹果酥/糖水黄桃丹麦酥：20 杏仁/泡菜午餐肉/火腿古老耶可颂：25 咖啡：美式15、拿铁20 奶泡给宝宝/狗狗：0元 冻酸奶冰淇淋：20-27 Gelata手工冰淇淋：20-99 - 🔎导航：三内可颂 📍地址：云南省大理市大理镇左岸高地乐水轩8-101 ⏰营业时间：9:00-18:00 🚗交通：从大理古城过来，8km开车20min。停车免费，停车位很多,2,0,2023-05-28T15:40:00,"""https://ci.xiaohongshu.com/0da67f30-df8d-5606-65d8-641fc360876d?imageMogr2/format/jpg/quality/92/auto-orient/strip/crop/450x300/gravity/center"""
647082ad0000000013014dca,数字游民远程工作怎么找⁉️,近期收到挺多美女们私信说她们也好想这种边工作边旅行的生活方式，求数字游民工作网站推荐，今天就来帮大家整理一些我平时在用和其他热门的远程工作平台吧～ 	 ➡️我平时在用的远程工作平台 	 🌟Contra “一键生成”portfolio的功能真的非！常！方！便！而且设计感满满，在这里常收到「自媒体经理人」的工作邀请，平台不抽佣不说，还提供发送invoice和contract的功能（真心推 	 🌟LinkedIn 作为专业社交平台建立职业网络之外，也可以搜索远程工作机会并与潜在顾客建立联系 	 🌟We Work Remotely 专注于远程工作的招聘平台，提供多种技术、设计、销售和客户支持服务等多个行业 	 🌟TikTok 尽管以短视频内容为主的平台，但在这里活跃展示我的UGC和SMM技能和创意也吸引了不少顾客给我发出合作邀请 	 ➡️其他热门远程工作平台 🌟Upwork (平台抽佣10%) 🌟Freelancer (平台抽佣10%或5美金） 🌟Fiverr (平台抽佣20%) 🌟Guru (平台抽佣2.9%) 🌟Indeed 🌟RemoteOK 🌟Remote.co 🌟Toptal 🌟FlexJobs 	 这些平台给想找远程工作的数字游民们提供了多样化的机会和选择，你也赶快利用数字时代的便利，找到适合你的远程工作吧💖 	                     @生活薯 @日常薯,76,0,2023-05-26T17:58:00,"""https://ci.xiaohongshu.com/2d31f38f-713f-98f8-ac35-975794b0e093?imageMogr2/format/jpg/quality/92/auto-orient/strip/crop/450x300/gravity/center"""
646f457100000000270289e1,大理旅居ing！谁知道天空的飞鸟是什么吗？,很惊喜 抬头就看到很多飞鸟在天空中翱翔 很有规律 就是不知道是哪个品种 有懂行的可以告诉我吗？ - 一个人，有一个人的快乐 一群鸟，有一群鸟的欢乐 - 大理，你好！ 第三次相遇，希望好运呀！ 接下来会在大理旅居1⃣️个月 或者更久 - 海南文昌的当地玩乐活动/民宿 都可以继续找我呀 本来就是线上联系哈哈哈 - 全球旅居ing follow我不迷路 持续挖掘当地小众好玩体验 #抬头拍照       #你想去哪里旅居呢？ 旅拍,1,0,2023-05-25T19:24:00,"""https://ci.xiaohongshu.com/e4feec16-db75-c883-377a-4b71c70d6f86?imageMogr2/format/jpg/quality/92/auto-orient/strip/crop/450x300/gravity/center"""
646addf2000000001300ae9a,文昌旅行天花板㊙️海边小院✅向往的生活,在文昌 看到了，理想生活实现的可能性 比不上万宁、三亚配套齐全、繁华热闹 独有一份清净 - 数百亩椰林，一个幽静海湾 ㊙️藏着一个海景独立小院 离海不到5⃣️m 海风抚去燥热和蚊虫 岁月静好，风花雪月 - ☕对着太平洋磨咖啡 一磨一整天，一喝一下午 现磨纯味，奶泡拉花 如果你也懂咖啡 我们可以从公元前700年埃塞俄比亚第一颗咖啡豆聊起 - 🐠想看热带海洋生物 数百亩活体珊瑚就在门口海湾，任遨游 🐙想吃鱼吃海味 抄起家伙，直接自由潜下海捞起 - 墨鱼刺身、蒜蓉龙虾、鱼头火锅、油干螃蟹、海白蒸蛋、焖炉烤鸡、酱油芒果、木瓜蒸蛤蟆、铁锅炖大鹅、海鱼炖五花肉、木瓜椰奶炖雪蛤 围炉煮茶 沙包大的海螺嘎嘣脆 盐焗屎壳郎，一口爆浆，唇齿留香 夕阳西下小海鲜，刺身涮锅带烧烤 - 美酒微醺、海景椰林、白幔烛光 氛围拉满有巴厘岛那味了 - 🚀火箭发射时 避开人群，在自己的小院 烤神户菲力、喝guo期飞天、吃旱地螃蟹、赏海边落日 看火箭🚀从正上空头顶飞过 大概是全国zui凡尔赛的观礼方式了 - 小院主人石头哥 常年在全世界游历，y情后g离在海南 索性租了渔民的海边仓库自己住 平时捯饬海南特产 闲下来就在家门口潜水捕鱼、赶海冲浪 真正的他生我梦 - 发呆、喝酒、泡茶、磨咖啡 潜水、渔猎、冲浪、钓鱼、赶海 海鲜大餐、山珍ye味、特调饮品、水果美酩 大哥有自己的圈子，爱清净生活 所以小院不对外 只接待有趣的朋友 很高兴我是这个幸运的朋友#你期待这样的生活吗？ ,62,0,2023-05-22T11:13:00,"""https://ci.xiaohongshu.com/807025de-2adf-c9fc-a5ec-5a43b8983692?imageMogr2/format/jpg/quality/92/auto-orient/strip/crop/450x300/gravity/center"""
6463c2b50000000013005991,颜值与口味并存㊙️文昌海边咖啡+宝藏酒吧,终于 在龙楼找到一个 可以喝酒、咖啡、下午茶的地方了 ‼️关键靠海呀🌊🌊🌊 拍照hin出片 ​文昌有些时候真奇怪 海岸线那么长，连一个海景吧也难觅 - 没想到 惊喜近在眼前 这家下午茶➕🏖️海景➕酒吧 就在石头公园、佛光寺开车5⃣️min的距离 边上，还有三四家🦀海鲜餐厅 - 老板Marco 是位云南帅哥 不仅会花式调酒、手冲咖啡 也是大佬级潜水教练 常年在马尔代夫等地组队船宿潜水 感觉是个很有意思的人哦 - 来这里 发呆、唠嗑、🖥️办公，都挺合适 地方很大，也僻静 可露营团建、组局烧烤、搞搞party 还可看火箭哦🚀 甚至还有4⃣️间客房，用于私人接待 - 我哭死 真的是一个宝藏好地 怎么没有早点发现 真的有之前在深圳湾公园 觅到白鹭坡书吧的那种惊喜 谁懂 - 💰💰💰参考物价 手冲咖啡：28-38 白桃/桂花/葡萄乌龙茶：38 莫吉托、长岛冰茶等夏日沙滩特调酒：30-45 精酿啤酒：28 小有情调的葡萄酒：168 很有滋味的冷吃牛肉：28 很炸裂的煎饼果子：30 - 🚗导航：龙楼阙下午茶与酒吧 📍地址：海南省文昌市龙楼镇红海村委会古松村29号对面 ⏰营业：8:00-24:00 🚗交通：自驾zui方便，停车免费 📸周边：5min到“西游记取景地”石头公园、面朝大海佛光寺；15min到“文昌zui高峰”铜鼓岭、美食云集的龙楼镇上 -,76,0,2023-05-17T08:28:00,"""https://ci.xiaohongshu.com/a4fbd37d-e7bf-cd8f-7410-1bac1b8cb4e0?imageMogr2/format/jpg/quality/92/auto-orient/strip/crop/450x300/gravity/center"""
6463f2d000000000270026a7,非常适合数字游民的植系灵气空间🌳✨,✨“HomeWorker”“digital romad”的工作氛围典范参考，阳光+书+自然+，所有这些叠加起来的自然宇宙磁场能量妙不可言. Benji的这个工作室书房完美的表达出了室内多元化自然氛围：：书架上的流行大热植花烛/桌面植物微景观/苔藓玻璃缸微景观/和书籍特别搭配的板植鹿角蕨/垂钓颜值top的丝苇系列/等等。 	 每一个来到我们的野乱乱植物工作室，或许也能get到我们想传递的某种多元化自然氛围，不偏爱哪一科，每一科属都很有各自的美。 	 ✨imagine green future ✨curated by naturalorder 	 我们也一直有在关注数字游民的生活方式，毕竟成为世界公民是未来最佳想象，由爱好兴趣而开始的植物设计工作是否也可以成为数字游民呢，植友友们可以各种留言来探讨.,2,0,2023-05-17T05:17:00,"""https://ci.xiaohongshu.com/07735949-95cd-b5a6-4e62-b568954834d4?imageMogr2/format/jpg/quality/92/auto-orient/strip/crop/450x300/gravity/center"""
645f41cd000000001300374c,👩‍💻今天的办公室💻它自己会移动😅,离谱！今天的没疯移动办公室 ！它自己会移动 	 哈哈哈来介绍一下今天的没疯移动办公室！ 	 🚇全国首列“酒吧车厢”（大理往返丽江） 🖼️坐在移动的车厢里可以一边看着窗外实时变化的云南超美风景，心旷神怡～ 🍹还能喝上一杯酒，听着音乐放松放松。 👩‍💻车厢里人不多，有适合工作的桌椅～ 🚄原来在火上上工作也可以这么惬意！ 💻在移动的风景里，在路上也可以不耽误工作，到站下车时已经完成了工作！✅ 	 谁不说一声：美滋滋 	 快来一起体验：数 字 游 民 的 乐 趣 ！ 👩‍💻这里是数字游民的办公室——没疯移动办公室！ 心有多大，办公室就有多大 🟡亲测，坐在风景里工作，心情更好，效率更高！ 🟡来跟着我们沉浸式体验一下「移动办公」的乐趣： 🟡欢迎发来你的“移动办公工作照”与我们实时互动 ？ @数字游民没疯 或私信发送你今日的工作照 🟡我们会将你的移动办公室分享给大家 🟡一起来当数字游民Digital Nomads · 🟡也欢迎加入我们相约一起线下移动办公哟👩‍💻 我是数字游民⭕️我不用上班❌ 🔸想要了解什么是数字游民？ 🔸怎样成为数字游民？ 🔸数字游民的日常？ 🔸哪里可以找到他们？ 🟡关注【数字游民没疯】 	 欢迎加入没疯俱乐部！ 链接更多没疯青年～ 拥抱一种全新的自由的生活方式❕ · 	 🙌没疯俱乐部｜NoMad Club｜ 🧪没疯实验室｜NoMad Lab｜ 💬没疯聊天室｜NoMad Chat Room｜ 💡没疯招贤人才库｜NoMad Job｜ 	 · 🟡祝你早日找到并奔向自己热爱的生活方式🧚‍♀️ 👩‍💻👩‍💻👩‍💻 🟡没疯移动办公室-不定时更新！ 🟡没疯俱乐部-手把手教你成为数字游民 🟡快来一起沉浸式体验移动办公的乐趣吧,6,0,2023-05-13T15:52:00,"""https://ci.xiaohongshu.com/dc2b7e7e-e14a-28b2-2255-0663b6dfb43c?imageMogr2/format/jpg/quality/92/auto-orient/strip/crop/450x300/gravity/center"""
64512ddf000000001203cbb3,花鸟岛｜「陆止于此，海始于斯」,⚓️海岛日记/ 56 	 落日里有很多时刻都会让我觉得，仿佛身在北欧； ​毛姆在南太平洋海岛旅居的时候，创作了「叶之震颤」，我是否也可以为这个世界留下一些，将来勉强看的过去的片段呢？其实盲目和大师的对比是不自量力，我所想是忠实的记录山川和大海。 	 希望我的朋友们，可以永远保持对世界的好奇，永远拥有，抬头看落日停留在此刻的自由 	 #     @生活薯 @小红书创作学院,22,0,2023-05-02T23:35:00,"""https://ci.xiaohongshu.com/42f0c67e-6d84-ca40-5f57-625fca5d898e?imageMogr2/format/jpg/quality/92/auto-orient/strip/crop/450x300/gravity/center"""
6450948b000000001300a074,寻找数字游民，完成采访作业,寻找几位正职是长时间线上办公的朋友🥺希望能接受俺的采访，完成小组作业🥺 	 📌中国传媒大学新闻学院 📌毕业作品创作指导课 📌采访形式不限，阁下怎么舒服怎么来 📌采访问题在10问以内 📌只是交个作业，不会泄漏阁下的任何隐私🥺,2,0,2023-05-02T12:41:00,"""https://ci.xiaohongshu.com/75079518-c9db-1c5b-5198-7f35076a1d77?imageMogr2/format/jpg/quality/92/auto-orient/strip/crop/450x300/gravity/center"""
644e06990000000007038c44,数字游民们，这个工位你们爱了吗？,在清迈旅居的日常就是早上起来运动完然后背着电脑💻骑着摩托车去随缘寻觅🈶眼缘的☕店。昨天找到的这家爱了爱了，属于那种一不注意就会错过的隐蔽好店。因为是在艺术村附近所以老板娘也理所应当的是个艺术家，小院一楼可以喝喝咖啡chill一下，二楼是她自己做的衣服展厅，也有超适合办公的长桌（图1）就是太热了 于是我还是辗转到一楼。听着惬意的bossa nova在巨大的绿色热带植物里穿着拖鞋办公真的效率加倍！每天身心都是放松舒展的,11,0,2023-04-30T14:11:00,"""https://ci.xiaohongshu.com/09631f60-a863-530c-101d-fd404bb29238?imageMogr2/format/jpg/quality/92/auto-orient/strip/crop/450x300/gravity/center"""
644b15b600000000140275d6,想来海南的朋友 请进！！,Free Studio致力于为旅居的数字游民打造一个自由快乐的空间，在此招募你加入我们的「数字游民」共居共创实验。 	 招募时间：4月28日-5月3日 参与时间：5月5日-5月7日（3天） 参与地点：海南文昌·海风小筑 	 . 	 你将获得 1.和数字游民一起「免费」入住海岛民宿 2.享受自然环境和放松身心 3.与来自不同背景和领域的数字游民进行交流和合作 4.原汁原味体验赶海/浮潜/桨板/摘椰子之类，热带小岛必备具有当地特色的户外活动 5.你可以参与到充满创造力的活动，比如文章/播客/绘画展/摄影/vlog/即兴演出/分享会/工作坊…… . 	 参与要求 1.擅长图文／视频笔记 2.小红书拥有一定的粉丝基础 3.有一定自己喜欢和擅长的领域 4.对数字游民生活方式和创新实践感兴趣 5.参加实验期间住宿免费，餐饮费用AA为主，来返交通及个人其他费用自费 6.有契约精神，在小红书分享你的参与体验 . 	 报名方式 1.关注我们+喜欢此条笔记 2.评论区留言，我们会回复你哦～ 	 . 	 我们会时常举办各类活动，欢迎各位数字游民，或想成为数字游民的朋友们报名加入，来享受自由快乐的生活！ 	 若不符合免费招募条件，也想参与的朋友，也可报名哦！活动期间，大大折扣！ 	 . 	            @生活薯 @薯队长,24,0,2023-04-28T08:39:00,"""https://ci.xiaohongshu.com/aef18fc3-fcec-c3ed-4a35-9864c1b59863?imageMogr2/format/jpg/quality/92/auto-orient/strip/crop/450x300/gravity/center"""
64462326000000000800de46,Serendipity空间 | 五一活动合集,这个五一 和我们一起 在大自然中感受、劳作、舞动与创造 - 4⃣️月3⃣️0⃣️日 🌿Mindful Eating 正念饮食🌿 💰188/人 🗓️活动流程 14:00-16:30 正念冥想——引导正念饮食——自我探索正念饮食——自由活动 ‼️需提前预约，本次人数限12人 - 5⃣️月1⃣️日 🌿Jobs &amp; Zen 乔布斯与禅🌿 💰158/人 🗓️活动流程 14:00-15:00 品尝椰子水&amp;制作椰子碗 15:00-17:00 分享沙龙&amp;创意社交 17:00-17:30 正念冥想 - 5⃣️月2⃣️日 🌿Life of seed  植物：种子的一生🌿 💰168元/人 🗓️活动流程 14:00-15:00 讲解植物&amp;观察植物&amp;植物拓印 15:00-16:00 柠檬草茶&amp;自由活动&amp;社交 16:00-17:00 摘取种子&amp;制作种子饰品 🌟制作的饰品可带走 - 🌸🌸🌸温馨提示 📍地点：海南·文昌 - Serendipity 空间 ‼️Serendipity居民享九折购票 ‼️确认名额后不可退但可转让名额 - 入场须知 请勿带土地不可降解的东西进Serendipity空间（如塑料袋、包装食品、一次性用品等），Serendipity正在践行零浪费，请与我们一起实践哦,15,0,2023-04-24T14:35:00,"""https://ci.xiaohongshu.com/95d5692e-5727-4f99-78b7-82b70ca882a8?imageMogr2/format/jpg/quality/92/auto-orient/strip/crop/450x300/gravity/center"""
644275620000000011010baa,Serendipity空间｜ 早安！窗景分享,树叶在阳光下闪耀着光芒 微风吹过 树枝轻轻摇晃 仿佛在与朝阳跳舞 - 感谢@是阿飞啊 来自数字游民独立楼的窗景分享 #抬头拍照,3,0,2023-04-22T08:00:00,"""https://ci.xiaohongshu.com/f3db6073-86c2-705a-8a58-279bb1268593?imageMogr2/format/jpg/quality/92/auto-orient/strip/crop/450x300/gravity/center"""
644281c6000000001300cba4,💬没疯聊天室｜聊聊数字游民旅居那些事儿👀,「游」这个字可以算是数字游民生活方式的“代表词”了。 作为数字游民来说，去不同地方旅居，体会不同的文化风情气候风景也是生活中最大的快乐之一。 而「旅居」二字，实则大有讲究。 时间有限，怎样可以在最合适的时候去到最合适的地方还是需要一些经验技巧的～ 	 每个人都有自己独特的方式方法，让我们的「游民」生活更精彩，那我们最近就来好好聊一聊「旅居」相关的各种话题～ 	 🎙️本期「没疯聊天室」三位旅居经验丰富、各怀绝技的朋友会跟大家一起聊聊： 	 💛选择旅居城市的必要条件有哪些？ 💛数字游民行李箱里有什么？ 💛怎样找到最适合自己的切换(城市)频率？ 💛旅居国内和国外最大的不同？ 💛旅居过程中的意外事件...... 💛怎样可以做到「可持续旅居」？ 💛社区共居 or 一人独居？ 💛硅谷程序员150天环游全美(旅行+工作)经历了什么？ 💛云南到新疆之间究竟隔着几个大理？ 💛如果只能选一个城市，谁是你心中的Top1？ 	 【活动信息】： 🟡「 没疯聊天室 」Vol.16 旅居系列 001 🟡 聊天嘉賓：Nian &amp; Charles &amp; Sunny雨 🟡 4月23日（周日） 20:00～21:30 🟡 门票：29元【 没疯俱乐部成员9.9元 】 🟡后台报名：回复「旅居」 	 · 	 🟡【没疯聊天室】是「数字游民没疯」发起的一个线上聊天沙龙，每期一个主题，由各行各业的数字游民和「没疯青年」组成的线上聊天室&amp;圆桌讨论会～我们有生活方式系列、行业交流系列、最新资讯和经验分享等等，每期不同类型和主题！ 🤩手把手教你成为数字游民～ 🤩干货满满！欢迎参与～ 	 更多信息请关注@数字游民没疯 来这里拥抱一种全新的生活方式！找到有趣的游民团体～欢迎加入我们的线上社群哦！「没疯俱乐部」链接更多没疯青年～ 	 【活动形式】 线上聊天（每月1-3次） 每次不同主题 围绕数字游民生活方式 让你全方位了解「数字游民」,10,0,2023-04-21T20:29:00,"""https://ci.xiaohongshu.com/d3393f1c-bfd9-b0c0-4858-f60f54a9707d?imageMogr2/format/jpg/quality/92/auto-orient/strip/crop/450x300/gravity/center"""
6442724e0000000027000989,去有风地方！㊙️藏椰林的海南共居空间,步履不停 留下往往也只需要一个契机 每天打开门 就可以看到窗外一片绿意 内心快乐大喊 早呀！ 早呀！ 早呀！,3,0,2023-04-21T19:23:00,"""https://ci.xiaohongshu.com/23f97d4e-8463-4f93-17ad-415ba4fbcd5f?imageMogr2/format/jpg/quality/92/auto-orient/strip/crop/450x300/gravity/center"""
6440fbc90000000014027fff,义工内幕㊙️海南NomadHouse数字游民指南,暂别 为期一月的数字游民义工生活 - 22年 经历了一段珠海海岛远程工作 发现自制力挺好 转为自由职业也可以 - 2月离职 在广州楼顶晒了一月太阳 机缘巧合 从@酷酷的蔡 了解到数字游民生活方式 来海南NomadHouse做义工 - 日常 七八点自然醒 打扫卫生 因为想把空间弄的舒舒服服的 常常是一两个小时后才吃上早饭 轻微洁癖加强迫症 眼里有活就是我了 - 有新的小伙伴来 接待介绍 他们走时，收拾房间 因为搬过十几次家 无数次送人、被人送 无语凝噎 一个拥抱 就藏了所有的祝福 - 每个礼拜也会组织 分享会、赶海、浮潜、桨板、海边办公、周末小浪游… - 工作的时候卖力干 不分朝九晚五、周末节假日 常常工作到十一二点 做house的守夜人 玩的时候呢，也会尽情享受 - 作为数字游民/自由职业者 需要更自律 其实 为自己工作内驱力很足！ _ House是在文昌小镇龙楼 更多人认知里 是作为火箭发射小镇 有旅游城市性质 吃喝配套都方便 zui近的海4公里 日租20、月租300的小电驴就很🉑 - 住宿 有💰550床位 也有一两千的单间 当然，去镇上、海边租民房更便宜 很多人选择来house 因为这里有志同道合的人呀 - 物价来说相对便宜 椰青3-5块 抱罗粉，酸粉7-15块可以吃饱 日常外食聚餐20-50元 - 也有菜市场 买菜回来自己做饭 蔬菜大都大陆常见的 比较值得买的，是海鲜 早上6-8点之间去捡漏 5块钱一斤的小杂鱼 5块钱一个的鲍鱼/带子 10-30块的海鱼海螺海白 - 在House会遇见各领域的人 web3、IT、动画、翻译、设计、插画、保险、财务、作家… 有资深Digital Nomad老油条 也有我这样的小白 一起工作、生活、玩乐、学习 触发新的灵感 - 数字游民 可理解为依靠线上创收，不受地点约束，利用地理套利的人 圈子说大不大 也许，又会相遇呢 - 之后 可能去各地共居空间 现在@Serendipity空间 志愿者 等回浙江安排上@DNA安吉数字游民公社 一程有一程的欢喜 -,12,0,2023-04-20T16:46:00,"""https://ci.xiaohongshu.com/b0bcc499-11a6-a9ed-8f86-83be8dd88df1?imageMogr2/format/jpg/quality/92/auto-orient/strip/crop/450x300/gravity/center"""
643f540a00000000130360d8,小众私藏㊙️海南小巴厘📸椰林里的理想国,还有谁‼️ 没有拍过S空间的空中吊床？ - 文昌处处有椰林🌴 经过稍微一装饰 📸真的是有海南巴厘岛的味儿 - 🌴椰林、🍂茅屋、🛶木船、玻璃屋、吊床、秋千、🌊泳池、瑜伽垫、沙滩椅、湿地栈道…… 哇，超级出片的 - 还有印尼风味的鼓乐器可以做道具 甚至还有一辆☕咖啡车 有🥥椰子、咖啡、冬瓜茶、肉粽可以吃喝 - 其实S空间 不仅仅是一个巴厘岛风格的写真/影视拍摄地 - 更是一个椰林里的共居空间 汇集了一群艺术家、身心灵疗愈师、远程工作者、数字游民等 - 有外在，有内涵 来这里玩的时候 也可以和他们交流一下哦 每个人都很温柔 真的很治愈 也许有不一样的契机 说不定还能偶遇我呢 - 🚗导航：Serendipity空间 📍地址：海南省文昌市会文镇榜花城一村16号 💰门票：38元/人 🚗交通指南：自驾zui方便。海口1.5h，文昌站20min，龙楼镇50min - 海南旅居ing follow我不迷路 跟着土著挖掘海南小众目的地+本地特色体验 和分享数字游民生活,27,0,2023-04-19T10:38:00,"""https://ci.xiaohongshu.com/a0c22120-3f38-df8c-4101-3a30b7eb9101?imageMogr2/format/jpg/quality/92/auto-orient/strip/crop/450x300/gravity/center"""
64378fc800000000130147fa,这家海南菜太好吃了吧！拍照都得加速！,不要嫌弃图片拍的丑 因为大家都太喜欢吃了 筷子如狼似虎 稍微慢一点，根本就拍不到了 所以只能迅速的拍照、吃饭 - 老板符哥chao级热情 是做了2⃣️0⃣️多年的厨师，然后才自己开店 做的海南菜特别地道，分量又很足 每一道菜都好好吃 - 鸡是自己家养的土鸡 就喂地瓜那些东西 不是外面的饲料鸡 而且就不会像别的文昌鸡那么柴 肉是比较嫩的 - 来文昌来龙楼看火箭一定要吃！ 有哪个宝子不知道他们家，我都会伤心的Ok! - 老板说他文化程度比较低 不太会宣传 所以，就本地人来吃的比较多 我也是土著带过来的 本来以为就是一个平平无奇的牛杂店啊 进来之后才发现原来有那么多好吃的海南菜啊 幸好，没错过！ - ✅店名：丰裕牛杂店 📍地址：海南省文昌市龙楼镇新兴三巷龙楼集贸市场南行20米 🕐营业时间：9:30-14:30，17:00-22:00 🥘推荐菜：铁板鱿鱼（经常没货！）、白切文昌鸡、甜酸鱼、全家福、炸大肠、姜葱炒鸡、咸鱼茄子煲 💰人均58 - 海南旅居ing follow我不迷路 持续跟着土著挖掘海南小众目的地+本地特色体验 也会碎碎念旅居日常 和分享数字游民生活,18,0,2023-04-13T13:14:00,"""https://ci.xiaohongshu.com/75d648bb-a588-830c-9cd3-e136c4f4d4c3?imageMogr2/format/jpg/quality/92/auto-orient/strip/crop/450x300/gravity/center"""
64367a9f000000001300b35b,没有躺平🏝海岛慢生活让我生活更自律了,🏝不知不觉我的海南旅居生活已经快一个月了，慢慢地适应了这种慢节奏的workcation 	 👩🏻‍💻因为这边的生活成本真的没有想象的那么低，躺平是不可能了，还是得努力搞钱才能支撑自己旅居。 所以我就是主打一个慢节奏旅游：以工作为主 空闲时候就去玩🙌🏼 	 🌅有一说一我真的不想错过每分每秒能享受海边的美景，椰子树、早上的阳光撒在海面…所以我来了之后整个作息时间都特别规律👇🏼 	 🕖7:00起床 	 🕢7:30出门晨练，海边散步一下 做10分钟的冥想🧘🏻‍♀️作为收尾 （我是在YouTube上跟着冥想视频引导） 	 🕘9:00回家开始处理当天的工作 根据每天工作量不同下班的时间也不太一样。有时候不太忙提早下班也会去小区泳池游个泳。 	 🕙🛌因为白天也有运动晚上可能10:00左右就睡着了，有时候早上去上冲浪课可能睡的更早！第二天早上自然醒的也很早，就形成了一个良性循环🔄 	 🏡来旅居之前，因为居家办公所以每次都是9:00才起床，起床后收拾收拾就立马进入工作状态了，当时就感觉每天都好疲惫，除了工作没别的生活了，甚至觉得自由职业一点也不自由😰 	 ☀️现在7:00起床每天早上都留两个小时给自己做让自己放松的事情，做好迎接新的一天的准备。感觉每天都感觉好充实😌 	 这才是真自由职业吧哈哈哈。希望我能坚持把我这个自律早起的习惯一直保持下去！好喜欢现在的生活呀，按照自己的节奏安排好时间，让自己开心才最重要呀！🤩,3,0,2023-04-12T17:32:00,"""https://ci.xiaohongshu.com/d3f4bd3c-065b-7b69-1ec2-335a2fc42189?imageMogr2/format/jpg/quality/92/auto-orient/strip/crop/450x300/gravity/center"""
643286bf000000001301196b,没有躺平🏝海岛慢生活让我生活更自律了,🏝不知不觉我的海南旅居生活已经快一个月了，慢慢地适应了这种慢节奏的workcation 	 👩🏻‍💻因为这边的生活成本真的没有想象的那么低，躺平是不可能了，还是得努力搞钱才能支撑自己旅居。 所以我就是主打一个慢节奏旅游：以工作为主 空闲时候就去玩🙌🏼 	 🌅有一说一我真的不想错过每分每秒能享受海边的美景，椰子树、早上的阳光撒在海面…所以我来了之后整个作息时间都特别规律👇🏼 🕖7:00起床 🕢7:30出门晨练，海边散步一下 做10分钟的冥想🧘🏻‍♀️作为收尾 （我是在YouTube上跟着冥想视频引导） 🕘9:00回家开始处理当天的工作 根据每天工作量不同下班的时间也不太一样。有时候不太忙提早下班也会去小区泳池游个泳。 	 🕙🛌因为白天也有运动晚上可能10:00左右就睡着了，有时候早上去上冲浪课可能睡的更早！第二天早上自然醒的也很早，就形成了一个良性循环🔄 	 🏡来旅居之前，因为居家办公所以每次都是9:00才起床，起床后收拾收拾就立马进入工作状态了，当时就感觉每天都好疲惫，除了工作没别的生活了，甚至觉得自由职业一点也不自由😰 	 ☀️现在7:00起床每天早上都留两个小时给自己做让自己放松的事情，做好迎接新的一天的准备。感觉每天都感觉好充实😌 	 这才是真自由职业吧哈哈哈。希望我能坚持把我这个自律早起的习惯一直保持下去！好喜欢现在的生活呀，按照自己的节奏安排好时间，让自己开心才最重要呀！🤩,0,0,2023-04-09T17:34:00,"""https://ci.xiaohongshu.com/26397f4b-a83d-9daf-38e9-83f9a25431f0?imageMogr2/format/jpg/quality/92/auto-orient/strip/crop/450x300/gravity/center"""
642c26870000000011013399,安吉DNA数字游民公社系列——招猫逗狗的一天,今天在ACDC (Anji Creative &amp;Design center)闲逛，在办公区外的草坪上偶遇了数字游犬——奇奇。 	 吃完晚饭散步回到集装箱宿舍区，又偶遇了一只不怕人的数字游喵。特别喜欢跟人玩儿，逗了它一会儿，回宿舍它还一直跟到房门口～ 	 是招猫逗狗的一天啊～,1,0,2023-04-04T21:30:00,"""https://ci.xiaohongshu.com/b47dd2ed-d7d5-6878-0c83-f848fabe1088?imageMogr2/format/jpg/quality/92/auto-orient/strip/crop/450x300/gravity/center"""
642bf32f00000000130091ef,文昌私藏🚀火箭观礼+日出日落zui佳点位,石头公园 位处海角拐角处 这里 可以同时看日出、日落 也是 文昌观礼火箭发射zui佳位置之一哦 - 导航：石头公园 📍地址：文昌市龙楼镇铜鼓岭附近 🎫门票：免费 🚗文昌市区自驾过来，约1h 🛵龙楼镇骑电动车过来，约30min 🛺景区内交通： 1⃣️可从入口走路到石头公园海边，约2公里，一路风景不错 2⃣️也可坐观光车，往返💰30元，单程💰20元 3⃣️‼️其实可直接骑电动车进去，不要心虚，假装本地人坦坦荡荡开到石头公园海边哈哈哈 ⏰建议游玩时间：1-2h - 🌸🌸🌸温馨提示 ‼️一路走过去，有个js区，左边路尽头是一片野生沙滩，几乎无人。右边路尽头就是石头公园啦 🌊石头公园顾名思义，石头很多，地方也大，总能找到自己美拍的位置 🌊这里风、浪非常大，不能下水哦，而且在礁石上也要注意安全 🌊在大石头上蹲日落，视野里也正好有火箭发射基地，很出片。火箭观礼必带长焦镜头哦 🌊这里也不给飞无人机的哦，会有工作人员来说 🌊周边配套较少，建议自带水和食物 🌊做好防晒，没什么遮荫的 🌊也要做好驱蚊。文昌这边蚊虫是真的厉害 🌊看完日落就尽量回去咯，一路黑漆漆的，注意安全 🌊这里离海边寺庙——佛光寺很近，也是一个免费小众宝藏地，我愿称之为文昌观海天花板，主页-收藏-海南文昌攻略有详细指南哦,7,0,2023-04-04T17:51:00,"""https://ci.xiaohongshu.com/204ebb29-1de5-29f2-b13e-90c1e79c2b35?imageMogr2/format/jpg/quality/92/auto-orient/strip/crop/450x300/gravity/center"""
642bb0a20000000013012edc,安吉DNA数字游民公社系列——来小白屋吃饭了,来了传说中的村民食堂——树下小白屋。 	 （树是指的图8这棵糙叶树，据说已经500岁了，树冠真的很大啊，一张图很难拍的下～） 	 小白屋（图1、2）是安吉DNA数字游民公社的主要用餐地点。 	 来DNA的第一餐是在村民食堂（图3）吃的，菜品分两个区：随取的小碗菜和现炒的小炒，价格从几元到几十不等 。 	 6点多到的，就已经没什么菜了，随便选了两个，椒盐土豆（7元）和香椿炒饭（28元），卖相一般，但味道还不错。汤是免费的，米饭🍚2元一碗。 	 DNA居民在村民食堂用餐是可以享受会员折扣价的，但仅限于小碗菜，且价格要超过¥18。办理会员也很简单，入住后小客服就会发送办理路径（图10），直接在小程序上注册，非常简单。 	 小白屋除了平价的村民食堂以外，还有接近大城市网红店价格的西餐厅（图6，朋友两个人去吃，据说味道很棒，点了牛排、牛舌和烤猴头菇，消费¥500）和面包店（图7，朋友说一个普通大小的面包88元）,2,0,2023-04-04T13:07:00,"""https://ci.xiaohongshu.com/f387f339-b21e-dd83-90c1-f39ee123d52e?imageMogr2/format/jpg/quality/92/auto-orient/strip/crop/450x300/gravity/center"""
642b89d700000000120334f4,海边寺庙！土著私藏㊙️海南文昌观海天花板,面朝大海 许个愿吧 - 第1⃣️次 看到海边寺庙 真的很震撼！ 从庙门通往佛像 有一百五十多级台阶 长长的朝拜之路 显得尤为庄严肃穆 其实走起来还是挺轻松的 - 铜鼓岭的佛光寺 由海南文昌籍泰国华人陈颖杜先生 1993年出资 仿泰国芭提雅山顶释迦牟尼佛像和佛寺建造 面朝南海小澳港 被誉为“铜鼓佛光” 不愧是海南啊！又浪漫又神圣 - 📍导航：佛光寺 📍地址：海南省文昌市龙楼镇铜鼓岭景区 🎫门票：免费 🚗交通：自驾，或电动车都可。庙门口就可以免费停车 - 🌸🌸🌸温馨提示 1⃣️这里海很蓝很清，即使阴天海也是蓝的，出于意料 2⃣️这里浪很大，沙细也还算干净，适合在沙滩玩耍，不建议下水哦，或者礁石发呆，也可以海钓 3⃣️站在台阶上，用长焦面对大海拍，很出片。航拍视角更佳 4⃣️庙门左边有两个临时公厕 5⃣️庙门右边有两张桌子可以遮荫休息，也可以喝椰子 6⃣️这里不是景区，游人稀少，所以没什么吃喝配套，记得带水带食物哦。以及不要留下垃圾 7⃣️这里还有两条狗的，东南亚寺庙标配 8⃣️还有人来这露营看日出的 9⃣️离石头公园很近，开车10min，可以过去看日落 1⃣️0⃣️从龙楼镇骑小电动过来约半小时,278,0,2023-04-04T10:22:00,"""https://ci.xiaohongshu.com/b49ea3c2-76a7-e036-773c-b469f0f0c99d?imageMogr2/format/jpg/quality/92/auto-orient/strip/crop/450x300/gravity/center"""
642a8c75000000001303197a,来安吉DNA数字游民公社了,关注安吉的数字游民公社一年了， 去年本打算过来过圣诞， 结果由于当地突发疫情搁置了～ 	 今天终于来了， 会在这边待到8号， 期待接下来几天的数字游民生活～ 	 在这里的体验和感受， 我也会分享出来， 对数字游民生活方式感兴趣的朋友可以关注哦～,5,0,2023-04-03T16:21:00,"""https://ci.xiaohongshu.com/eac66ab2-78d7-fb21-99e1-b0c9d7f9a91c?imageMogr2/format/jpg/quality/92/auto-orient/strip/crop/450x300/gravity/center"""
642a6f6300000000140248d9,土著私藏㊙️文昌赶海捡贝壳🐚小众野沙滩,这片沙滩位于入海口 咸淡水交界处，生物多样性丰富 浪也大 沙滩上有很多冲刷上来的贝壳、螺 甚至还有水母 大大小小都有 尤其微贝微螺，五颜六色的精致 捡贝壳，要蹲下来 要细心，看眼力 希望你也找到很多漂亮的贝壳哦~ - 🔍🔍🔍点位信息 📍导航：海南省文昌市龙楼镇北尖 🚗交通：自驾，骑电动车都可 🛵路线指引：见图2⃣️-3⃣️。骑电动车/开车到铜鼓岭的大门牌坊那，不用买票进景区，直接从大门牌坊左边水泥路，一直开，电动车十来分钟就到入海口了 🚕打车也可，就是没那么好打，尤其返程难打 🌟无门票，停车免费 - 🌸🌸🌸温馨提示 1⃣️这里风浪比较大，不推荐下海游泳哦，安全自负 2⃣️这里其实也是个小渔港，不是旅游景点哦，游客稀少，也没什么人打理，沙滩垃圾有点多哈 3⃣️天气好的时候，水是玻璃海，在海上礁石拍照也非常出片 4⃣️港口这里是有两家茶店的，不过老爸茶的点心选择少，主要还是快餐之类供给渔民的，也有冰红茶和瓶装冷饮。建议自带食物，不要留下垃圾哦 5⃣️也可以拍到渔船回港，渔民分拣的丰收画面哦，走的时候还可以买些物美价廉的新鲜渔获 6⃣️海边紫外线强，要做好防晒 - 海南旅居ing follow我不迷路 跟着土著挖掘海南小众目的地+本地特色体验 也会碎碎念旅居日常 和分享数字游民house义工生活 -,384,0,2023-04-03T14:17:00,"""https://ci.xiaohongshu.com/e00f057d-0db7-02f1-85ec-4af0d496d302?imageMogr2/format/jpg/quality/92/auto-orient/strip/crop/450x300/gravity/center"""
642a618500000000270283b1,启动数字游民模式，新的旅程又开始😎,启动数字游民模式，新的旅程又开始😎,2,0,2023-04-03T13:17:00,"""https://ci.xiaohongshu.com/c18737d8-8a8e-ee4e-a473-92857f9a7a98?imageMogr2/format/jpg/quality/92/auto-orient/strip/crop/450x300/gravity/center"""
64256f21000000001203d94e,旅居火箭发射小镇✅毗邻菜市场的田园牧歌,来文昌看火箭发射 少不了要来龙楼镇上中转 偶然发现一处田园牧歌 - 希望田野 走一走 阴天也成了诗 - ✅希望田野 对的，没看错，这个地方就叫“希望田野”，好会取名字啊！ 📍在龙楼菜市场和基督教堂中间。走到龙楼集贸市场尽头，再往左走一点，就看到入口。路线指引见图2⃣️-3⃣️ - 🌸据说原来是想建成健康公园的，还有绿色骑行道，现在已放养成一大片农田了 🌸入口右边的芭蕉林，特别治愈 🌸一路有洋甘菊、三角梅、喇叭花等 🌸水泥路尽头有小亭子，可以休憩，平台处也可野餐哦 🌸也可以自带吊床，绑在树上午休发呆，在附近集贸市场就可以买到，20元/张的尼龙绳网吊床，不怕潮湿，很实用 🌸看本地村民头戴竹笠劳作 🌸阴天去海边不好看，就来希望田野溜达吧 🌸溜达完了，再去市场买几把刚采摘的蔬菜，齐活 🌸驱蚊！记得带防蚊防虫水！ - 海南旅居ing follow我不迷路 持续跟着土著挖掘海南小众目的地+本地特色体验 也会碎碎念旅居日常 和分享数字游民house义工生活,5,0,2023-03-30T19:14:00,"""https://ci.xiaohongshu.com/4616c1dc-e1d7-08fe-6198-a09a8aa1c300?imageMogr2/format/jpg/quality/92/auto-orient/strip/crop/450x300/gravity/center"""
64241b7d0000000013036668,🇪🇸西班牙“数字游民”签证首个获批函,新项目上线预告： 	 🇪🇸西班牙“远程工作者居留”法案（俗称“数字游民签证”）自去年年底颁布以来，收到了大家的广泛关注。 经过我们团队的不断努力与实际申请，终于拿到了首个批复函。 接下来，我们会就该项目的方方面面为大家做进一步分析，感兴趣的小伙伴欢迎私哦～,6,0,2023-03-29T19:05:00,"""https://ci.xiaohongshu.com/20469861-50ae-1d45-044c-11a7582226c1?imageMogr2/format/jpg/quality/92/auto-orient/strip/crop/450x300/gravity/center"""
641d3748000000000800c77d,文昌本地体验✅做海南摘椰人0⃣️门槛上手,🥥🥥🥥 文昌椰子满地跑 本地土著带玩 去隔壁民宿阿姐的椰子林 体验摘椰子 果然，每个海南人家里都有几亩椰林 - 1⃣️准备工作 🥥自带：吸管、勺子、淡水、红糖 🥥农场主：打椰的长木杆、kan刀 - 2⃣️怎么摘椰子 🥥用顶端带弯刀的长木杆，勾住椰子再用力往下拉多次，椰子就咚咚落地了 还有一种是上树摘的，需要有专门的攀爬刀架。我们这种就简单多了，小白也可以 ‼️一定要小心哦，可别被砸到 - 3⃣️怎么吃椰子 🥥喝椰汁 ✅用dao先劈平两头，再多次劈开一头的椰壳，接近椰肉的时候再小心劈开一个口子，插入吸管就可以享用清甜椰汁啦，有雪碧气泡水的口感 椰汁还可以拿来做生椰咖啡、椰青美式等各种饮品 🥥吃椰肉 ①肉嫩的像果冻的，就直接挖着吃 ②肉老一点的，不好挖，就需要劈开椰子，沾红糖吃，或者煮椰子鸡 - 收获满满 来海南，没尝过椰子鸡火锅是不完美的 - 4⃣️怎么自制椰子鸡🥘 ✅一般一锅1只鸡+2-4个椰子，椰汁+老椰肉一起煮，加上各种配菜美滋滋 后续又可以开新鲜的椰子补汤 ‼️椰子鸡蘸料：好的蘸水是椰子鸡的灵魂所在。 ✅香菜+蒜末+本地柠桔/金桔+生抽+地瓜酱，再来一勺椰子鸡汤，这蘸水jue了 爱吃辣的，再加点海南特色黄辣椒酱 - 5⃣️椰子壳的用处 椰子壳，可以拿来做椰雕、椰子碗、花盆等 - 海南旅居ing follow我不迷路 持续跟着土著挖掘海南小众目的地、好玩体验 也会碎碎念旅居日常 和分享数字游民house义工生活 -,3,0,2023-03-24T13:38:00,"""https://ci.xiaohongshu.com/d38c7ba2-e3ae-5969-e255-0c527c5ee1b5?imageMogr2/format/jpg/quality/92/auto-orient/strip/crop/450x300/gravity/center"""
641c4477000000001300139b,土著私藏 ㊙️文昌小众沙滩✅浮潜果冻海,文昌的海 总是能给我惊喜 本地土著带玩 ✅浮潜、赶海、画画、读书、下午茶、婚纱写真、海边办公&amp;发呆好地 因为和老板相熟 💰10块钱买个椰子 就可以在绿椰白幔的海景花园办公啦 度假feel拉满 电影感拉满 - 📍📍📍交通指南 导航“云卷云舒” 坐标文昌市海边村（名字有点随意哈，风景很抗打） 可以自驾/电动车 公交交通就没有啦 - 🌸🌸🌸温馨提示 1⃣️4月云卷云舒要装修，到时会有下午茶提供，大家也可以过来玩了 2⃣️不进云卷云舒，也可以在外面沙滩漫步，免费🆓滴 3⃣️沙滩延绵数公里，游人稀少，水质有层次，珊瑚、海胆、海螺、海星、水母、沙丁鱼、小丑鱼等海洋生物丰富，浮潜、赶海都非常合适 - 碎碎念 很多人来文昌是为了看火箭发射 殊不知 这里还有诸多无名海滩 水质媲美东南亚，又比三亚安静 常常是一人承包一片海 - 海南旅居ing follow我不迷路 持续跟着土著挖掘海南小众好玩目的地 也会碎碎念旅居日常 和分享数字游民house义工生活 - #笔记灵感,45,0,2023-03-23T20:22:00,"""https://ci.xiaohongshu.com/bdb7972b-2eae-da43-71e7-15aee47a5c4c?imageMogr2/format/jpg/quality/92/auto-orient/strip/crop/450x300/gravity/center"""
6418714400000000270007bd,土著私藏㊙️太空秋千🚀看完火箭玩这个！,涂鸦秋千墙的人 很有巧思 蓝色星空背景、绿色地面 局部拍照，​有飞上太空的感觉 为了从小盆友手里 争取1⃣️min秋千的使用权 真是绞尽脑汁、极限卖萌哈哈哈 - 📍📍📍交通指南 导航“龙楼镇龙楼墟社区退役军人服务站”，或“戏场茶园”。 其实是镇上的广场、居民健身中心 有篮球场 是当地居民饭后运动的老地方 也是镇上大型活动场地 所以是免费🆓哒 - 🌸🌸🌸周边推荐 步行100m就是龙楼菜市场 附近有老盐饮品店 老盐金桔6元，老盐百香果7元…… 绝绝子 店门口扭头就看到日落挂在路灯下 太阳和我 都被抓拍了一张氛围美照 - 来文昌看火箭发射 一般都会来龙楼镇吃饭住宿中转 饭后可以过来溜达一下呦 - 海南旅居ing follow我不迷路 持续跟着土著挖掘海南小众好玩目的地 也会碎碎念旅居日常和数字游民house义工生活 -,4,0,2023-03-20T22:44:00,"""https://ci.xiaohongshu.com/1379f22f-bfcf-2e4d-8089-e178fdbd2afe?imageMogr2/format/jpg/quality/92/auto-orient/strip/crop/450x300/gravity/center"""
641161ec000000001203f13b,泉州的数字游民/自由职业/斜杠青年集合啦！,泉州的小伙伴们大家好鸭！！ 我们要来泉州跟大家一起玩耍啦！！ @泉州的各路有趣好玩的青年们一起来～～～ 🟡数字游民‼️ 🟡自由职业‼️ 🟡好玩有趣人类‼️ 🟡多重身份斜杠青年‼️ 🟡充满好奇的生活探索家们‼️ 📣速速来报道快到碗里来！！！ 	 让我们相约@一号地点盒子社区 一起来聊聊数字游民这种新生活方式吧！ 	 🤩🤩🤩🤩🤩🤩 @数字游民没疯 现场我们会分享超多干货！ 畅聊「数字游民」新生活方式、工作、生活、社交、答疑解惑、交流互动、链接更多同频青年！ 	 【参与活动可以得到】： 	 🟡数字游民相关的最新讯息(经验分享、干货、DNV、旅居地等等） 🟡链接泉州各行各业的自由职业者～看看大家都在做什么、工作交流～ 	 🕒活动时间：3.18 周六下午15:00 🎫活动费用：29元or 49元（含一杯黑糖鲜奶） 📍活动地点：新门街一号地点盒子社区 	 快来面基呀！！！,14,0,2023-03-15T14:13:00,"""https://ci.xiaohongshu.com/8ef2592f-d15e-57ea-78ff-3709afb1a34a?imageMogr2/format/jpg/quality/92/auto-orient/strip/crop/450x300/gravity/center"""
6411582d0000000012033db1,👩‍💻巴厘岛再见👋@来海南超小众村落🏝️,分享一下（上个月）海南的没疯移动办公室 ： 	 在人人都涌向三亚海口的时候，我们在海南超小众的一个村落，找到一个世外桃源般的地方～ 	 🛖在这座椰林中的小木屋里，一边工作一边感受着椰林飘香的热带氛围🏝️巴厘岛突然就不香了🤣 	 🟡工作累了就去树下的吊床上发发呆 🟡或者来一口刚从树上摘下来的新鲜椰子！ 🟡环境优美没有游客温度舒适工作效率翻倍 	 📍海南省·定安县次滩村（驿站） 	 快来一起体验：数 字 游 民 的 乐 趣 ！ 👩‍💻这里是数字游民的办公室——没疯移动办公室！ 心有多大，办公室就有多大 🟡亲测，坐在风景里工作，心情更好，效率更高！ 🟡来跟着我们沉浸式体验一下「移动办公」的乐趣： 	 🟡欢迎发来你的“移动办公工作照”与我们实时互动 ？ @数字游民没疯 或私信发送你今日的工作照 🟡我们会将你的移动办公室分享给大家 🟡一起来当数字游民Digital Nomads 	 · 	 🟡也欢迎加入我们相约一起线下移动办公哟👩‍💻 我是数字游民⭕️我不用上班❌ 🔸想要了解什么是数字游民？ 🔸怎样成为数字游民？ 🔸数字游民的日常？ 🔸哪里可以找到他们？ 	 🟡关注【数字游民没疯】 加入没疯俱乐部！ 链接更多没疯青年～ 拥抱一种全新的自由的生活方式❕ 	 · 	 🙌没疯俱乐部｜NoMad Club｜ 🧪没疯实验室｜NoMad Lab｜ 💬没疯聊天室｜NoMad Chat Room｜ 	 · 	 🟡祝你早日找到并奔向自己热爱的生活方式🧚‍♀️ 	 👩‍💻👩‍💻👩‍💻 	 🟡没疯移动办公室-不定时更新！ 🟡没疯俱乐部-手把手教你成为数字游民 🟡快来一起沉浸式体验移动办公的乐趣吧,15,0,2023-03-15T13:31:00,"""https://ci.xiaohongshu.com/c2cc1265-8870-2ee8-210b-6f5d9d54f625?imageMogr2/format/jpg/quality/92/auto-orient/strip/crop/450x300/gravity/center"""
6410adaa00000000070391c7,随处可见的数字游民,数字游民聚集的咖啡店 路边关着门的蓝色房子 超级推荐的披萨餐厅 外国人超爱的喝酒看书的店,1,0,2023-03-15T01:23:00,"""https://ci.xiaohongshu.com/7cb1b234-6e84-c9c2-e0cf-9c6df1ede1c8?imageMogr2/format/jpg/quality/92/auto-orient/strip/crop/450x300/gravity/center"""
64100ddc000000001300a496,【超全】数字游民2023年必备app分享1️⃣,"对于数字游民来说，我们获得了一种自由的生活/工作方式的同时，也面临着很多的挑战，所以我们需要一些好用的工具来帮助我们更好的平衡工作与生活，也让我们的数字游民之旅更加丰富多彩！ 	 📱这是我们精心总结的2023年最适合数字游民/远程工作者的应用程序！ 超级实用一定要收藏哦 	 主要分为三个部分： 1️⃣工作地点 2️⃣工作协作 3️⃣生活领域 	 • 	 【第一部分-寻找工作场所】 	 👩‍💻数字游民在“游”的过程中，找到一个合适办公的地点是十分重要的！ 在这里推荐给大家全世界的数字游民都在用的app，用它就可以让你更好更快地找到最合适你的“办公室”！（有些联合办公空间自带社区还可以生活在这里哦） 	 🟡Coworker🟡 是一款免费应用程序，可让您访问其数据库，该数据库包含 172 个国家/地区的 25,000 多个联合办公空间。他们还拥一个 Coworker&#39;s Global Pass，每月 100 美元起，可以通过这个全球会员资格畅行 5,000 多个联合办公空间，还是很划算的！ 	 🟡Workfrom🟡 提供有关您可以工作的许多公共场所的信息，包括联合办公空间、咖啡馆、餐厅、酒店大堂和公园。您可以查看 Wi-Fi 速度、噪音水平、座位和食物选择等详细信息。而且它可以免费使用，但也有每月 5 美元起的付费计划。 	 🟡LiquidSpace🟡 拥有超过 18,000 个可用空间和超过 10,000 个场地合作伙伴。它具有按需和专用的办公空间，并具有灵活的预订条款。该应用程序可免费使用，但也提供付费计划。 	 🟡类似的还有：Letswork Deskpass 和 Anywhere.Work,Study&amp;Create 都可以让你更好的寻找到合适的办公地点！ 	 第二篇会给大家推荐📱数字游民必备的工作协同工具！让我们提高效率！事半功倍～ 	 欢迎关注我们@数字游民没疯 get 最新最全的数字游民讯息和超多干货分享！ 	 欢迎加入【没疯俱乐部】跟各种没疯青年产生联结",57,0,2023-03-14T14:02:00,"""https://ci.xiaohongshu.com/d55821c0-4dc7-1c83-0dc6-823ddc7e0d9d?imageMogr2/format/jpg/quality/92/auto-orient/strip/crop/450x300/gravity/center"""
6408315c000000000703a24f,数字游民们！集合！救救大学生🆘,大家好😤我是同济大学设计创意学院本科大四的学生，目前正在做数字游民相关的毕业设计。 🔹“数字游民”这个词引发了包括我在内的很多人对未来工作生活的美好想象，是一个打工人摆脱无意义内卷找回自由和自我的方式。 🔹但我也了解到，数字游民并非表面上那么光鲜亮丽，孤独感，如何赚钱，时间管理等都是很大的挑战……目前需要一些访谈对象来帮助我了解更加真实的情况，希望我们能一起为数字游民群体贡献点力量。 如果您： ✅曾经有过数字游民经历/正在数字游牧（线上工作，多地旅居半年以上，职业不限） ✅参加过数字游民社区（线上线下的都ok） ✅对数字游民有比较多的体会和想法，向往更好的数字游民生活 欢迎来聊聊！ 💬访谈形式：腾讯会议 💬访谈时长：30min-1h，不需要额外准备，我会问您一些问题，比较轻松 💬访谈报酬：50r/可以提供本人的设计咨询服务（笑） 💬访谈内容仅用于学术研究，个人信息将严格保密 访谈对象真的很难找，有没有那样好心的数字游民有兴趣参与捏👀……请私信或者评论我！！感谢！,57,0,2023-03-08T14:55:00,"""https://ci.xiaohongshu.com/05072d94-527f-af00-237a-f64f652aa4d1?imageMogr2/format/jpg/quality/92/auto-orient/strip/crop/450x300/gravity/center"""
63fc8f7f000000000703ab35,🧙‍♀️数字游民｜在玩一种很新的移动办公方式,昨天来墨尔本维多利亚州立图书馆看书就被吸引住了，浓厚又复古的学术氛围让我今早背着书包来这里进行了一整天的工作。 找了个上世纪的老桌子坐下，抬头仿佛置身在🧙魔法学院里，这种奇异的兴奋感让人一点也不会犯困，一直保持清醒专注。工作完还能在旁边的书架里翻点有意思的书看。 	 🌟这段时间我一直在探索各种工作场所的可能性。我也看到了数字游民千奇百怪又有趣的工作生活方式。毕竟拥抱可能性和探索未知是我最乐于干的事情。 	 ❓我能否在海边，在山脚下，在森林里，在图书馆，在咖啡店完成我的工作？ 我去各处实验，获得了惊喜但并不惊讶的结果。 于我而言，若我长期处于同一规矩的办公环境中会产生倦怠拖延，注意力不集中等问题，而当我不断地更换合适的环境，我反而能注意力更集中，获得更高的效率。这么看来，数字游民这个角色属性正好契合我的特点。 	 💡希望我的探索可以给大家一些启发。 我们不妨打破那些“本该如此”的思维框架，多花一时间认知和探索自我的特点，选择最适合自己的工作方式。别被那些外界质疑的声音所干扰，坚持做好我们自己,28,0,2023-02-27T19:09:00,"""https://ci.xiaohongshu.com/bd06cce2-2603-29da-036f-153cd30e36f5?imageMogr2/format/jpg/quality/92/auto-orient/strip/crop/450x300/gravity/center"""
63ee336e000000001300c78d,2023年要采访100位自由职业者,每天固定的时间点上班，是不是厌倦了呢？ 有哪些自由职业想要去尝试的 有在做自由职业的小伙伴，快来回复我吧～,1,0,2023-02-16T21:45:00,"""https://ci.xiaohongshu.com/01b668c7-03a3-acd4-5017-32c087848989?imageMogr2/format/jpg/quality/92/auto-orient/strip/crop/450x300/gravity/center"""
63de50a5000000001b01d373,几年后数字游民签证会不会火🔥,远程工作和数字游民这些词语对长期旅行的背包客应该不为陌生，过去几年也让更多人明白除了熟悉的朝九晚五，我们其实也可以轻松地在世界各地任何有网络的地方工作 	 以前在一个国家呆久了，旅游签结束但还想留在境内，就只能做visa run，但实在麻烦多 	 现在可不一样了，许多国家已推出数字游牧/数字游民签证（Digital Nomad Visa / Remote Worker Visa / Freelance Visa)，让远程工作者可以轻松地在不同国家旅居工作 	 这些签证通常是短期的，不是获得公民身份的途径，但对于想要旅行时还能远程工作的自由职业者来说就是个好机会 	 ➡️什么是数字游民签证⁉️ 🌟一种允许你在国外远程工作的许可证 	 ➡️谁可以申请数字游民签证⁉️ 🌟年满 18 岁 🌟有特定的每月低薪(因国家/地区而异) 🌟拥有一份可以在世界任何地方完成的工作 🌟必须是为你旅居目的地以外的雇主或公司工作 🌟或者你本身拥有可以在世界各地管理的企业 	 ➡️怎么越来越多国家大推动数字游民签证⁉️ 🌟这些人群来消费可为当地经济带来更大的帮助 🌟数字游民签证不会让房产业市场暴涨 🌟申请的时间快 	 ➡️目前有哪些国家开放数字游民签证⁉️ 🌟冰岛，西班牙，斯里兰卡，等等（下篇再续） 	 你会想要申请数字游民签证，到新的国家短居，边旅行边攒钱吗？我可以帮大家整理更多详细资料，反正我是要帮自己做research，你们想看就留言，我会顺手整理po文吧～ 	               @城市情报官 @走走薯 @生活薯#你想成为数字游民吗？,29,0,2023-02-04T20:33:00,"""https://ci.xiaohongshu.com/32122e7e-6396-1345-8806-789dc32a2e98?imageMogr2/format/jpg/quality/92/auto-orient/strip/crop/450x300/gravity/center"""
63d21958000000001f021749,如果我刚开始独游时，就刷到这篇文该有多好,对于天秤座 + INFJ的我来说，独自旅行时不可忽略的，就是在旅程中建立属于自己的平衡感 	 刚开始独旅的时候，不知道该如何在社交与独处之间找到平衡，常常会因为不好意思拒绝新朋友的出门邀约，在外玩过度社交后的疲惫让我感到内耗，就只想自己宅在房里养精蓄锐，等充满电源后再次出发探险 	 如果你也是INFJ类型，看到这里你也肯定明白社会变色龙的难啊 	 给大家推我在旅途中不同能量阶段喜欢使用的apps： 	 ➡️能量高想出外社交认识新朋友时🔥 🌟Meetup→走出舒适圈结识新朋友学习新技能 🌟Tourlina→女性旅人寻找其他女性旅人结伴出游 🌟Couchsurfing→低费的旅行与当地人一起生活 🌟Outbound→探索只有locals才知道的户外景点 🌟Google Translate→把外语自动翻译成你熟悉的语言，方便与外国朋友交流 	 ➡️低能量想独处或宅在旅馆时🌱 🌟Spotted By Locals→人少的特色景点指南 🌟Maps.me→提前下载地图不需网络能导航 🌟Duolingo→利用碎片时间学习外语掌握新单字 🌟Inshot &amp; Dive+→低能量时就修改图片剪辑视频 🌟QuickFox→在外留学和旅游时常用的免费追剧神器，除掉地区限制而且不卡网速快 	   #       @生活薯 @薯条小助手,1086,0,2023-01-26T18:00:00,"""https://ci.xiaohongshu.com/12829d3a-766d-7084-2e92-2ab12b4b12d9?imageMogr2/format/jpg/quality/92/auto-orient/strip/crop/450x300/gravity/center"""
63c8ea5b000000001f020958,进来抄作业‼️5种让你边旅游边赚💰的方法,边旅行边赚钱是否也是你的梦想？ 	 续上一篇贴文分享我如何在网络接案子边工作边旅游，今天再来给大家介绍一些其他可以让你赚取旅费的收入管道，让你也可以边旅游边赚钱💰 	 1️⃣数字游民/自由职业者 🌟这个概念在近年越来越受欢迎，说的就是无需朝九晚五的打卡上班，而是通过网络来实现变现，不管你人在哪里，基本上只要电脑+网路就可以工作 🌟这类型的工作者通常以旅居的状态辗转在各个国家之间，比如你可以在马来西亚海边帮英国公司写企划书，也可以在马德里的图书馆帮澳洲公司上班 🌟数字营销，旅行摄影師，翻译，写手，IT，网页设计师，都是有可能实现这种边旅行边赚钱的生活的，现在也有许多国家开始发放数字游民签证来吸引更多人到他们国家发展 	 2️⃣自媒体 🌟在这自媒体时代，每人都能拍视频、写文章发上网络产生流量获得收益而赚取旅费，但这个步道达到变现需要付出许多时间和精力，可能会花上好几个年 🌟你的自媒体内容不一定要是关于旅游的，选好你专精的项目，或是你能提供的服务及教学，可以是时尚穿搭、户外健身、影片剪辑教学、第二语言教学等 	 3️⃣打工度假 🌟这种旅游方式我已经分享过好几次啦，有兴趣可以去爬文，马来西亚公民目前能到新西兰，澳洲，美国进行打工度假签，在当地以合法方式找到一份工作攒下钱来以后就可以继续旅行啦 	 4️⃣代购商品 🌟卖东西可以说是这几种提到的赚钱方式中利润高但风险也较高的，因为你必须面临订单问题、收付款、运费、承担海关税还有处理售后服务等繁杂问题 🌟去前先了解邮寄海关政策及与国内的差价，除了国际知名品牌以外也可以找些当地的手工艺品和原产地资源；比如死海天然的火山泥、埃及的棉料衣物等 	 5️⃣AirBnB出租你的房子 🌟如果你刚好是一个人住，长期在国外旅行的话可尝试把你的房子整理好变成温馨小套房出租，当然前提是你的房子卖相好没问题、地段方便人流多 🌟当日租房东也不是件容易的事，必须要考虑清洁打扫以及房客住宿期间会产生的种种问题 	 趁年轻就多出去走走吧，反正钱是怎么挣也挣不完的,198,0,2023-01-20T18:00:00,"""https://ci.xiaohongshu.com/733add93-cf5b-cf21-7ad7-97fe70c1a82d?imageMogr2/format/jpg/quality/92/auto-orient/strip/crop/450x300/gravity/center"""
63c8c761000000002203652a,普通女孩是怎样做到一边旅行一边赚钱💰,"近期收到不少好奇姐妹询问，我是如何在大学时期就到处旅游，而且通常在那些地方还待上这么长时间，旅费是怎样来的 	 我就普通人一个，去旅行的费用都自己承担，读书的时候萌起想探索这世界的好奇心，在大学期间就已开始在网上兼职翻译，筹备旅行费用 	 做的是把网络中文小说翻译成英文，时间自由稿费也不错，而且没有限定地点，只要有网有电脑的地方就能工作，每当学校放假就开始赶稿，在家也能攒到RM2.5k++ 	 毕业后开始旅游，手上这份工作也没停过，不管去到哪里旅行都带上电脑，每天就利用碎片时间翻译赚钱，工钱是不错时间也自由，但到底呢赚的还是马币，所以如果在费用比较低的国家长时间旅游是OK，在费用高的地方(像欧美国家)花钱时还是得省着点哈哈 	 另外也有在不同的自由职业者平台找远程工作，像是Upwork、Fiverr等，但平台抽佣抽的高，接了一两单后觉得不值得就没继续了 	 目前用的多的平台是LinkedIn和Contra，可以筛选工作形式、内容、地点，而且是直接和公司谈成的，不用被抽佣，只不过就得靠自己努力去申请通过面试过程 	 尤其现在那么多品牌都想在网络上赚钱，所以能接手Digital Marketing的远程工作真的很香，而且工作选项类型繁多，选择你擅长的下手，可以是Social Media Manager, Video Editor, Content Creator, Copywriter, Media Buyer, Affiliate Marketer… 	 当然啦还有许多不同的边旅行边赚钱方式，像是做自媒体、当代购、街头卖艺也行，只要勤快在旅程上到处都是赚钱的机会，实现一边旅行一边赚钱的自由 	            @生活薯 @日常薯",908,0,2023-01-19T18:00:00,"""https://ci.xiaohongshu.com/f4af7bc2-1970-84f2-129a-f44875f753d7?imageMogr2/format/jpg/quality/92/auto-orient/strip/crop/450x300/gravity/center"""
63ac5c6d0000000018011b67,大 理 好 在,在大理旅居的日子 每天一眨眼就过去了 每天起来去找个地方喝咖啡顺便办公 完了去无人售货的自助面包店@与山面包 带个可颂当第二天的早餐 天气好就骑车去洱海边晒太阳 和朋友带着小猫去音乐节蹦迪 晚上睡不着去苍山下24hrs的健身房撸铁 完了再去404 or Ababa喝杯酒 就回去睡觉 在大理时间可以过的很慢 也可以过的很快 但是焦虑离我越来越远了 也许是这里的人都很有传说中的“松弛感” 也可能是远离城市亲近自然或许了足够多的血清素 我会再次回来这里长住吗？感觉还是更喜欢热带 未完待续 Let’s see…,15,0,2022-12-28T23:10:00,"""https://ci.xiaohongshu.com/a08a9ac5-97ac-5d91-6f84-93019c31bc31?imageMogr2/format/jpg/quality/92/auto-orient/strip/crop/450x300/gravity/center"""
63ac0c8d000000002203a272,数字游民生活｜远离工位996，实现工作自由,🌿游牧民族逐水草而居，而国内的数字游民们也过着候鸟式的生活。 ✅户外办公 ✅超快网速 ✅便利生活 ✅绝对自由 ✅多元收入 没有打卡和工位的束缚，数字游民实现了办公时间和空间的自由。但这也意味着，这群人需要独立地为自己的工作负责。 	 你想成为数字游民吗？评论区等你来唠～,6,0,2022-12-28T17:29:00,"""https://ci.xiaohongshu.com/79548f46-dc81-e45b-5e06-31ad466054b9?imageMogr2/format/jpg/quality/92/auto-orient/strip/crop/450x300/gravity/center"""
637e0b810000000022037ffd,我在福大建起吧台，邀请朋友共赴一场虚无,我爱喝咖啡， 岁末我在学校建起吧台， 时常请朋友小聚， 断断续续添置咖啡器具， 然后按月更新豆子； 	 吃的了苦的就喝手冲， 焖蒸的时候， 大家喜欢看咖啡粉鼓成汉堡包， 静静等待整个房间充满香气； 	 喜欢加奶就喝意式， 拉花我还没学会， 所以比较喜欢做Dirty， 	 从来没想过， 上面的醇郁缓缓下沉会是这样， 就像春泥踩入白雪， 味道是你的味道， 形状是我们的形状； 	 解封不解封又有什么关系呢？ 还好朋友们都可以实现咖啡自由。 	 校园那么大， 实验不顺就别钻牛角尖，出去走走。 舒服的天气要停留久一些才好呀！ 	 在我浪漫的二十几岁， 真想把所有的美好留住。 	 导师说， “去过无意义的人生” 于是最后一岁的秋冬， 我不再写过去了。 我要写路过的情侣， 写温暖的拥抱， 写下雨的天台黄昏， 写一起消磨时间的朋友， 写一场人间虚无 …… 写我们低头不说话， 却同频了说不完的话。,8,0,2022-11-23T20:01:00,"""https://ci.xiaohongshu.com/2dba4998-11ba-7d54-8981-2d4ab5cb47f6?imageMogr2/format/jpg/quality/92/auto-orient/strip/crop/450x300/gravity/center"""
636b41e3000000000a009028,数字游民旅居｜西双版纳傣寨深度T惠来咯！,云南西双版纳百年傣寨数字游民深度旅居计划来咯～ 🌟🌟🌟 曼贺纳自然村寨里的传统傣家吊脚楼～ 清新自然鸟语花香朴实原始的傣族村寨带你体验不上班的美好！ 适合🉑️远程办公的数字游民&amp;间隔年者&amp;辞职放空人群！ 每日🈶️不同的精彩活动～ 闲暇之余可以一起在花园中做瑜伽🧘🏻‍♀️画画🎨做手工，一起进雨里徒步山中采菌！赶集采购茶山探秘～也可以骑着小摩托🛵一起环游各村各寨！摘芭蕉火龙果！ 民宿离告庄西双景开车🚗五分钟市中心商业区四公里，临近大佛寺，曼听公园总佛寺。寨子里烧烤摊，酒吧蛋糕店咖啡厅超市菜市场餐厅🍴俱全！民宿提供公共厨房餐厅，免费小电驴洗衣机高清投影烤箱面包机。 ps⚠️由于传统木质傣楼限制，所有客房均🈚️独立卫浴，全是公共共享淋浴室卫生间，但每日清洁🧹干净整洁。 如有意预D，私～❤️ 2022年11月—2023年4月30适应（2023年一月整月旺季、及泼水节不适用）,11,0,2022-11-09T14:00:00,"""https://ci.xiaohongshu.com/1c69b29b-9206-9d7b-26fb-3e73ec273524?imageMogr2/format/jpg/quality/92/auto-orient/strip/crop/450x300/gravity/center"""
636b1724000000000a00429e,版纳旅居｜傣寨里的数字游民深度旅居计划📒,云南西双版纳百年傣寨数字游民深度旅居计划来咯～ 🌟🌟🌟 曼贺纳自然村寨里的传统傣家吊脚楼～ 清新自然鸟语花香朴实原始的傣族村寨带你体验不上班的美好！ 适合🉑️远程办公的数字游民&amp;间隔年者&amp;辞职放空人群！ 每日🈶️不同的精彩活动～ 闲暇之余可以一起在花园中做瑜伽🧘🏻‍♀️画画🎨做手工，一起进雨里徒步山中采菌！赶集采购茶山探秘～也可以骑着小摩托🛵一起环游各村各寨！摘芭蕉火龙果！ 民宿离告庄西双景开车🚗五分钟市中心商业区四公里，临近大佛寺，曼听公园总佛寺。寨子里烧烤摊，酒吧蛋糕店咖啡厅超市菜市场餐厅🍴俱全！民宿提供公共厨房餐厅，免费小电炉洗衣机高清投影烤箱面包机。 ps⚠️由于传统木质傣楼限制，所有客房均🈚️独立卫浴，全是公共共享淋浴室卫生间，但每日清洁🧹干净整洁。 如有意预D，私～❤️ 2022年11月—2023年4月30适应（2023年一月整月旺季、及泼水节不适用）,22,0,2022-11-09T10:57:00,"""https://ci.xiaohongshu.com/149284f6-8ee2-c3ac-7045-ef4b325a0cda?imageMogr2/format/jpg/quality/92/auto-orient/strip/crop/450x300/gravity/center"""
6329e31a0000000008028c97,数字游民生活 | 海边冲浪&amp;生活一周年记录,仔细想想搬到海边度过我25-26岁的这一年真的是过得非常之快，因为工作完全线上所以理所应当的成为了一个数字游民。不喜欢城市的喧嚣和单一的健身房运动，所以选择搬到海边生活。满足我对大自然的热爱，海边各种各样的运动，沙滩飞盘，冲浪，徒步，骑行、滑板也拯救了我无处安放的运动细胞。 	 有时早上起来冲个早浪后回家给自己做个早餐就开始工作。有时工作完下午去冲个美美的夕阳浪当做是对着电脑紧绷后的放松。 	 在这一年收获也改变了很多，更爱运动，体力更好，耐力和定力更强，留给自己的时间更多，更健康的生活方式，几乎没有无效社交，因为在这里基本都是兴趣爱好相同的人，所以三观大致差不多，一样的随性且活在当下。 	 因为疫情这里不似往常热闹，但是也很好，可以专心练习冲浪，时不时“发明”一些自制美食，按计划工作&amp;学习。有时候会有种错觉好像这里才是我的“家”，因为有我想要的大部分，而城市里并没有，回去只觉得头疼还有喘不上气，已经很久没有(快忘记）化妆了，也习惯了穿个拖鞋就出门的日子。 	 这一年总的来说留下了特别多美好的回忆。明年的这个时候我又会“漂流”到哪儿呢？Just let it happens,52,0,2022-09-20T23:58:00,"""https://ci.xiaohongshu.com/0eff66bb-0a64-0cbd-14c0-046d94db96ef?imageMogr2/format/jpg/quality/92/auto-orient/strip/crop/450x300/gravity/center"""
